season,realisation,held_out_blocks,protocol,model,train_n,test_n,overall_accuracy,class_balanced_accuracy,kappa,reference_Veg.,reference_Water,reference_Built,reference_Open,reference_Agri.
winter,0,0|1|2,random,cart,4722,271,0.8523985239852399,0.8372710777707935,0.8132322536181943,68,57,47,59,40
winter,0,0|1|2,random,gtb,4722,271,0.9446494464944649,0.9393398732507219,0.9302169882579138,68,57,47,59,40
winter,0,0|1|2,random,knn,4722,271,0.9188191881918819,0.9135859219653468,0.8976919776919777,68,57,47,59,40
winter,0,0|1|2,random,rf,4722,271,0.9372693726937269,0.9306521495610222,0.9208691171418756,68,57,47,59,40
winter,0,0|1|2,random,svm,4722,271,0.933579335793358,0.9278899248503091,0.9162704474845088,68,57,47,59,40
winter,0,0|1|2,spatially_blocked,cart,4722,278,0.7769784172661871,0.7805122048819527,0.577404011180307,14,0,68,0,196
winter,0,0|1|2,spatially_blocked,gtb,4722,278,0.8776978417266187,0.7239895958383352,0.7250087280344466,14,0,68,0,196
winter,0,0|1|2,spatially_blocked,knn,4722,278,0.8561151079136691,0.8179271708683474,0.6997515930446053,14,0,68,0,196
winter,0,0|1|2,spatially_blocked,rf,4722,278,0.8489208633093526,0.7103841536614647,0.6703929539295395,14,0,68,0,196
winter,0,0|1|2,spatially_blocked,svm,4722,278,0.8669064748201439,0.8041216486594638,0.7151797087002272,14,0,68,0,196
winter,1,1|2|3,random,cart,3925,1074,0.8733705772811918,0.8744876345109034,0.8413921836264664,220,184,245,211,214
winter,1,1|2|3,random,gtb,3925,1074,0.9459962756052142,0.9464022059911599,0.9323587250533977,220,184,245,211,214
winter,1,1|2|3,random,knn,3925,1074,0.9338919925512105,0.9330923499005952,0.9171268376499382,220,184,245,211,214
winter,1,1|2|3,random,rf,3925,1074,0.9357541899441341,0.9367431227592726,0.9195464568023337,220,184,245,211,214
winter,1,1|2|3,random,svm,3925,1074,0.9366852886405959,0.9372397659786135,0.9207025498703566,220,184,245,211,214
winter,1,1|2|3,spatially_blocked,cart,3925,1075,0.7925581395348837,0.7776048138267715,0.6885875403839185,14,0,158,303,600
winter,1,1|2|3,spatially_blocked,gtb,3925,1075,0.8539534883720931,0.8088907936905806,0.769762689482817,14,0,158,303,600
winter,1,1|2|3,spatially_blocked,knn,3925,1075,0.8186046511627907,0.85891411383453,0.7244683899358835,14,0,158,303,600
winter,1,1|2|3,spatially_blocked,rf,3925,1075,0.8409302325581396,0.8403292720772981,0.7528988098278593,14,0,158,303,600
winter,1,1|2|3,spatially_blocked,svm,3925,1075,0.8716279069767442,0.868371692955914,0.7947599099074172,14,0,158,303,600
winter,2,2|3|4,random,cart,3099,1846,0.8651137594799566,0.8629065234858662,0.8312420353285382,379,386,354,375,352
winter,2,2|3|4,random,gtb,3099,1846,0.9447453954496208,0.9441071250873201,0.9309184458154538,379,386,354,375,352
winter,2,2|3|4,random,knn,3099,1846,0.9279523293607801,0.9272993279597271,0.9099286232086099,379,386,354,375,352
winter,2,2|3|4,random,rf,3099,1846,0.933911159263272,0.933121195740467,0.917375195315438,379,386,354,375,352
winter,2,2|3|4,random,svm,3099,1846,0.9393282773564464,0.9387192934025972,0.9241466627972973,379,386,354,375,352
winter,2,2|3|4,spatially_blocked,cart,3099,1901,0.7748553392951079,0.7453973598709894,0.6982033778099578,69,144,520,431,737
winter,2,2|3|4,spatially_blocked,gtb,3099,1901,0.8632298790110469,0.8358757318950063,0.8128770540989224,69,144,520,431,737
winter,2,2|3|4,spatially_blocked,knn,3099,1901,0.8332456601788533,0.8096232653582041,0.774367340275604,69,144,520,431,737
winter,2,2|3|4,spatially_blocked,rf,3099,1901,0.849026827985271,0.8128160092510275,0.7936883621732816,69,144,520,431,737
winter,2,2|3|4,spatially_blocked,svm,3099,1901,0.8705944239873751,0.8289104617184547,0.8214448259220116,69,144,520,431,737
winter,3,3|4|5,random,cart,1916,3062,0.8772044415414761,0.8773580397494364,0.8464983646039824,585,614,615,629,619
winter,3,3|4|5,random,gtb,1916,3062,0.9408883082952318,0.9410839339018748,0.9260992992912906,585,614,615,629,619
winter,3,3|4|5,random,knn,1916,3062,0.9232527759634226,0.9236383328862802,0.9040665813148946,585,614,615,629,619
winter,3,3|4|5,random,rf,1916,3062,0.9307642064010451,0.9308618618704058,0.9134376447247547,585,614,615,629,619
winter,3,3|4|5,random,svm,1916,3062,0.9372958850424559,0.9374513054575427,0.9216057758775185,585,614,615,629,619
winter,3,3|4|5,spatially_blocked,cart,1916,3084,0.8453307392996109,0.8530663915341717,0.8047440878751684,306,600,745,706,727
winter,3,3|4|5,spatially_blocked,gtb,1916,3084,0.9046692607003891,0.9053788170416281,0.8789340433978038,306,600,745,706,727
winter,3,3|4|5,spatially_blocked,knn,1916,3084,0.8897535667963683,0.8928694303865615,0.8603007605145806,306,600,745,706,727
winter,3,3|4|5,spatially_blocked,rf,1916,3084,0.8978599221789884,0.899318923563681,0.8704203754775903,306,600,745,706,727
winter,3,3|4|5,spatially_blocked,svm,1916,3084,0.9231517509727627,0.9238102879256909,0.9022960249661737,306,600,745,706,727
winter,4,4|5|6,random,cart,1756,3219,0.8788443616029823,0.8783747842550597,0.8485071910845611,668,619,636,657,639
winter,4,4|5|6,random,gtb,1756,3219,0.9434607020813918,0.943040726306499,0.9293054117757222,668,619,636,657,639
winter,4,4|5|6,random,knn,1756,3219,0.9269959614787201,0.9264639649592941,0.9087099668951215,668,619,636,657,639
winter,4,4|5|6,random,rf,1756,3219,0.9372475924200062,0.9369194556307414,0.9215361981526005,668,619,636,657,639
winter,4,4|5|6,random,svm,1756,3219,0.9422180801491147,0.9417801277041175,0.9277511178814699,668,619,636,657,639
winter,4,4|5|6,spatially_blocked,cart,1756,3244,0.6134401972872996,0.696434030729887,0.5356329076571822,936,680,735,493,400
winter,4,4|5|6,spatially_blocked,gtb,1756,3244,0.8683723797780518,0.8801514347560422,0.8341345681785634,936,680,735,493,400
winter,4,4|5|6,spatially_blocked,knn,1756,3244,0.87577065351418,0.8858835580209095,0.8432813044315314,936,680,735,493,400
winter,4,4|5|6,spatially_blocked,rf,1756,3244,0.8844019728729963,0.8935410326818614,0.8539526254251609,936,680,735,493,400
winter,4,4|5|6,spatially_blocked,svm,1756,3244,0.9019728729963009,0.9130471904057821,0.8761558556308946,936,680,735,493,400
winter,5,5|6|7,random,cart,2262,2738,0.8827611395178963,0.8831318759633817,0.8534746297471019,532,555,558,543,550
winter,5,5|6|7,random,gtb,2262,2738,0.9415631848064281,0.9417269153981815,0.9269485703461022,532,555,558,543,550
winter,5,5|6|7,random,knn,2262,2738,0.922936449963477,0.923152162687005,0.9036665756777438,532,555,558,543,550
winter,5,5|6|7,random,rf,2262,2738,0.9342585829072315,0.9344335604422277,0.9178167168041835,532,555,558,543,550
winter,5,5|6|7,random,svm,2262,2738,0.9353542731921111,0.9355392797651143,0.9191875971122541,532,555,558,543,550
winter,5,5|6|7,spatially_blocked,cart,2262,2683,0.715989563920984,0.775689075607722,0.650321927831518,867,724,415,414,263
winter,5,5|6|7,spatially_blocked,gtb,2262,2683,0.9392471114424152,0.9327926272487232,0.9210188310550773,867,724,415,414,263
winter,5,5|6|7,spatially_blocked,knn,2262,2683,0.9064480059634737,0.9093746977299622,0.8793503368046033,867,724,415,414,263
winter,5,5|6|7,spatially_blocked,rf,2262,2683,0.9291837495341037,0.926771953836368,0.9082217319171499,867,724,415,414,263
winter,5,5|6|7,spatially_blocked,svm,2262,2683,0.9508013417815878,0.9433662430854171,0.9359137612709978,867,724,415,414,263
winter,6,6|7|8,random,cart,3464,1536,0.873046875,0.8717789880509358,0.8411044598124574,319,288,311,329,289
winter,6,6|7|8,random,gtb,3464,1536,0.9446614583333334,0.9435962619182326,0.9307625243678157,319,288,311,329,289
winter,6,6|7|8,random,knn,3464,1536,0.9270833333333334,0.925606894556729,0.9087487322676604,319,288,311,329,289
winter,6,6|7|8,random,rf,3464,1536,0.935546875,0.9345339830005571,0.9193595601430553,319,288,311,329,289
winter,6,6|7|8,random,svm,3464,1536,0.9348958333333334,0.9336532105347974,0.9185282035097584,319,288,311,329,289
winter,6,6|7|8,spatially_blocked,cart,3464,1533,0.8721461187214612,0.8672759356213868,0.825804342079022,662,338,162,294,77
winter,6,6|7|8,spatially_blocked,gtb,3464,1533,0.9419439008480104,0.938590051751412,0.9195549837620605,662,338,162,294,77
winter,6,6|7|8,spatially_blocked,knn,3464,1533,0.928897586431833,0.921200161703465,0.9014932500147379,662,338,162,294,77
winter,6,6|7|8,spatially_blocked,rf,3464,1533,0.928897586431833,0.9181744396301239,0.9015514033448377,662,338,162,294,77
winter,6,6|7|8,spatially_blocked,svm,3464,1533,0.9432485322896281,0.934010666952247,0.9212122715825776,662,338,162,294,77
winter,7,7|8|9,random,cart,4329,666,0.8918918918918919,0.892740695952642,0.8646689112722284,113,135,139,137,142
winter,7,7|8|9,random,gtb,4329,666,0.9594594594594594,0.9599694443573984,0.9492418169295561,113,135,139,137,142
winter,7,7|8|9,random,knn,4329,666,0.9534534534534534,0.9545849025970472,0.9417380384631664,113,135,139,137,142
winter,7,7|8|9,random,rf,4329,666,0.9579579579579579,0.9582543997575719,0.9473525218446944,113,135,139,137,142
winter,7,7|8|9,random,svm,4329,666,0.948948948948949,0.9492657749608702,0.9360703779199441,113,135,139,137,142
winter,7,7|8|9,spatially_blocked,cart,4329,671,0.8554396423248882,0.8651838866990096,0.7864879937016139,50,320,97,204,0
winter,7,7|8|9,spatially_blocked,gtb,4329,671,0.9090909090909091,0.9109694954012533,0.8651820475490938,50,320,97,204,0
winter,7,7|8|9,spatially_blocked,knn,4329,671,0.9090909090909091,0.9116152150293108,0.8646058681485892,50,320,97,204,0
winter,7,7|8|9,spatially_blocked,rf,4329,671,0.8986587183308494,0.8927649964625026,0.8494865561159692,50,320,97,204,0
winter,7,7|8|9,spatially_blocked,svm,4329,671,0.9076005961251863,0.9076860660501314,0.8622933672287211,50,320,97,204,0
summer,0,0|1|2,random,cart,4722,267,0.7677902621722846,0.7689985514425057,0.7101687793262833,55,52,46,61,53
summer,0,0|1|2,random,gtb,4722,267,0.9363295880149812,0.9345958733368462,0.9202494948607572,55,52,46,61,53
summer,0,0|1|2,random,knn,4722,267,0.9026217228464419,0.9017565943786039,0.8780886149307202,55,52,46,61,53
summer,0,0|1|2,random,rf,4722,267,0.9288389513108615,0.9262578962747066,0.9108529856254174,55,52,46,61,53
summer,0,0|1|2,random,svm,4722,267,0.9176029962546817,0.9163492617604426,0.8967843964153928,55,52,46,61,53
summer,0,0|1|2,spatially_blocked,cart,4722,278,0.697841726618705,0.550220088035214,0.45543584720861896,14,0,68,0,196
summer,0,0|1|2,spatially_blocked,gtb,4722,278,0.8201438848920863,0.630452180872349,0.6284018606640646,14,0,68,0,196
summer,0,0|1|2,spatially_blocked,knn,4722,278,0.7517985611510791,0.5789315726290516,0.5257380210651239,14,0,68,0,196
summer,0,0|1|2,spatially_blocked,rf,4722,278,0.8309352517985612,0.6291516606642656,0.6470747123332075,14,0,68,0,196
summer,0,0|1|2,spatially_blocked,svm,4722,278,0.7841726618705036,0.5753301320528211,0.5519982810485604,14,0,68,0,196
summer,1,1|2|3,random,cart,3925,1042,0.789827255278311,0.794500302106011,0.7374345450340521,199,208,200,205,230
summer,1,1|2|3,random,gtb,3925,1042,0.918426103646833,0.919743427349653,0.8979797526034917,199,208,200,205,230
summer,1,1|2|3,random,knn,3925,1042,0.8877159309021113,0.8901157900195159,0.8596642689163848,199,208,200,205,230
summer,1,1|2|3,random,rf,3925,1042,0.9078694817658349,0.9096748318638628,0.8847811138332464,199,208,200,205,230
summer,1,1|2|3,random,svm,3925,1042,0.8925143953934741,0.8938054381951359,0.8655428105313123,199,208,200,205,230
summer,1,1|2|3,spatially_blocked,cart,3925,1075,0.6316279069767442,0.7897019781092034,0.5057098236834314,14,0,158,303,600
summer,1,1|2|3,spatially_blocked,gtb,3925,1075,0.786046511627907,0.6967579255665168,0.6753540905384591,14,0,158,303,600
summer,1,1|2|3,spatially_blocked,knn,3925,1075,0.7432558139534884,0.6659351407563903,0.6183613591840883,14,0,158,303,600
summer,1,1|2|3,spatially_blocked,rf,3925,1075,0.7590697674418605,0.666536555780352,0.6428928723507955,14,0,158,303,600
summer,1,1|2|3,spatially_blocked,svm,3925,1075,0.7758139534883721,0.6742750986219779,0.661446967103217,14,0,158,303,600
summer,2,2|3|4,random,cart,3099,1849,0.8069226608977826,0.80613177391182,0.7586620794547995,379,377,367,366,360
summer,2,2|3|4,random,gtb,3099,1849,0.9286100594916171,0.9282340737391287,0.9107599706174969,379,377,367,366,360
summer,2,2|3|4,random,knn,3099,1849,0.8983234180638183,0.8975779574352316,0.8728874577235574,379,377,367,366,360
summer,2,2|3|4,random,rf,3099,1849,0.9199567333693889,0.9193842405041008,0.8999388265595843,379,377,367,366,360
summer,2,2|3|4,random,svm,3099,1849,0.9107625743645213,0.9103823018040039,0.8884612192654603,379,377,367,366,360
summer,2,2|3|4,spatially_blocked,cart,3099,1901,0.6233561283534982,0.6487201857373356,0.5280402057444505,69,144,520,431,737
summer,2,2|3|4,spatially_blocked,gtb,3099,1901,0.7916885849552867,0.8058614692399366,0.7236991622842949,69,144,520,431,737
summer,2,2|3|4,spatially_blocked,knn,3099,1901,0.7196212519726459,0.753024065279516,0.6373150302466263,69,144,520,431,737
summer,2,2|3|4,spatially_blocked,rf,3099,1901,0.7790636507101526,0.8066772885742999,0.7094884009308947,69,144,520,431,737
summer,2,2|3|4,spatially_blocked,svm,3099,1901,0.7548658600736454,0.7957339647941767,0.6803442988937013,69,144,520,431,737
summer,3,3|4|5,random,cart,1894,3106,0.8361236316806182,0.8350999408541121,0.7950440972667863,629,606,628,633,610
summer,3,3|4|5,random,gtb,1894,3106,0.916613007083065,0.9162349817277452,0.8957481473341102,629,606,628,633,610
summer,3,3|4|5,random,knn,1894,3106,0.8918222794591114,0.891167303785314,0.8647279701223977,629,606,628,633,610
summer,3,3|4|5,random,rf,1894,3106,0.9175788795878944,0.9171635281218089,0.8969489536146132,629,606,628,633,610
summer,3,3|4|5,random,svm,1894,3106,0.9011590470057952,0.9006197236912319,0.8764195893086074,629,606,628,633,610
summer,3,3|4|5,spatially_blocked,cart,1894,3084,0.812905317769131,0.8199765884715265,0.7635006100983267,306,600,745,706,727
summer,3,3|4|5,spatially_blocked,gtb,1894,3084,0.8518158236057068,0.8587351057354313,0.8119736227190735,306,600,745,706,727
summer,3,3|4|5,spatially_blocked,knn,1894,3084,0.8313878080415046,0.8433244574301583,0.7870362599292247,306,600,745,706,727
summer,3,3|4|5,spatially_blocked,rf,1894,3084,0.8518158236057068,0.8559803374881092,0.8120273385583973,306,600,745,706,727
summer,3,3|4|5,spatially_blocked,svm,1894,3084,0.8625162127107653,0.8687207369370471,0.8255961116251254,306,600,745,706,727
summer,4,4|5|6,random,cart,1754,3246,0.8274799753542822,0.8275461302354964,0.7842890168320689,644,645,640,659,658
summer,4,4|5|6,random,gtb,1754,3246,0.911275415896488,0.9113045697523147,0.8890773496258333,644,645,640,659,658
summer,4,4|5|6,random,knn,1754,3246,0.8810844115834874,0.8814159210399535,0.8513563644547251,644,645,640,659,658
summer,4,4|5|6,random,rf,1754,3246,0.9026494146642021,0.9026854746209725,0.87829213442617,644,645,640,659,658
summer,4,4|5|6,random,svm,1754,3246,0.9011090573012939,0.9012398772948268,0.8763688561800147,644,645,640,659,658
summer,4,4|5|6,spatially_blocked,cart,1754,3244,0.49969173859432797,0.5653068104341648,0.3958624070301489,936,680,735,493,400
summer,4,4|5|6,spatially_blocked,gtb,1754,3244,0.7700369913686806,0.7889104690505734,0.7141925494043395,936,680,735,493,400
summer,4,4|5|6,spatially_blocked,knn,1754,3244,0.8020961775585697,0.8084381828770411,0.7514617960379679,936,680,735,493,400
summer,4,4|5|6,spatially_blocked,rf,1754,3244,0.8057953144266338,0.8151095791101586,0.7569670180226986,936,680,735,493,400
summer,4,4|5|6,spatially_blocked,svm,1754,3244,0.8061035758323057,0.8224848453970447,0.7575620615154445,936,680,735,493,400
summer,5,5|6|7,random,cart,2317,2659,0.7939074840165475,0.7927410039100654,0.7422078455128059,530,522,532,563,512
summer,5,5|6|7,random,gtb,2317,2659,0.9240315908236179,0.9237360047157257,0.9050194251843049,530,522,532,563,512
summer,5,5|6|7,random,knn,2317,2659,0.8901842798044377,0.8894488299862845,0.862675339527577,530,522,532,563,512
summer,5,5|6|7,random,rf,2317,2659,0.9138773975178639,0.9132154478746513,0.8923135474325584,530,522,532,563,512
summer,5,5|6|7,random,svm,2317,2659,0.8980819857089132,0.8976414525105607,0.8725735600070806,530,522,532,563,512
summer,5,5|6|7,spatially_blocked,cart,2317,2683,0.5247856876630638,0.6246932851997606,0.439995134698619,867,724,415,414,263
summer,5,5|6|7,spatially_blocked,gtb,2317,2683,0.8695490122996645,0.860376667264884,0.83191230119855,867,724,415,414,263
summer,5,5|6|7,spatially_blocked,knn,2317,2683,0.8423406634364518,0.8322594415527746,0.7972584283392204,867,724,415,414,263
summer,5,5|6|7,spatially_blocked,rf,2317,2683,0.8691762951919493,0.8593576559882715,0.8313840614910054,867,724,415,414,263
summer,5,5|6|7,spatially_blocked,svm,2317,2683,0.8878121505777116,0.8834089283585103,0.8553340338685993,867,724,415,414,263
summer,6,6|7|8,random,cart,3467,1494,0.8192771084337349,0.8169061951498608,0.7738974853956542,302,302,316,290,284
summer,6,6|7|8,random,gtb,3467,1494,0.9257028112449799,0.9251168653646916,0.9071097448674372,302,302,316,290,284
summer,6,6|7|8,random,knn,3467,1494,0.892904953145917,0.8914921945291413,0.8660658755977001,302,302,316,290,284
summer,6,6|7|8,random,rf,3467,1494,0.9183400267737617,0.9175532512647377,0.8979066917305024,302,302,316,290,284
summer,6,6|7|8,random,svm,3467,1494,0.9036144578313253,0.903068386121854,0.8795201774133933,302,302,316,290,284
summer,6,6|7|8,spatially_blocked,cart,3467,1533,0.7501630789302022,0.7536770998774253,0.6672864138793153,662,338,162,294,77
summer,6,6|7|8,spatially_blocked,gtb,3467,1533,0.868232224396608,0.8630642208323339,0.820895677773472,662,338,162,294,77
summer,6,6|7|8,spatially_blocked,knn,3467,1533,0.8688845401174168,0.850332786861012,0.8208094636897433,662,338,162,294,77
summer,6,6|7|8,spatially_blocked,rf,3467,1533,0.87279843444227,0.8670368641097811,0.8268689477829773,662,338,162,294,77
summer,6,6|7|8,spatially_blocked,svm,3467,1533,0.8910632746249184,0.8802713431532749,0.8508308249516677,662,338,162,294,77
summer,7,7|8|9,random,cart,4329,584,0.8184931506849316,0.8148028714305233,0.7723330856987342,127,110,130,114,103
summer,7,7|8|9,random,gtb,4329,584,0.9143835616438356,0.9130797520101412,0.8928715559305866,127,110,130,114,103
summer,7,7|8|9,random,knn,4329,584,0.8921232876712328,0.8882232884126349,0.864841135434384,127,110,130,114,103
summer,7,7|8|9,random,rf,4329,584,0.8972602739726028,0.8950594959929511,0.8713930220437646,127,110,130,114,103
summer,7,7|8|9,random,svm,4329,584,0.8921232876712328,0.8900071279963369,0.8649532555911598,127,110,130,114,103
summer,7,7|8|9,spatially_blocked,cart,4329,671,0.7257824143070045,0.7094900950070749,0.6117581947623959,50,320,97,204,0
summer,7,7|8|9,spatially_blocked,gtb,4329,671,0.8718330849478391,0.878459735698403,0.8122667811817831,50,320,97,204,0
summer,7,7|8|9,spatially_blocked,knn,4329,671,0.8688524590163934,0.8961111532241763,0.8092302721912608,50,320,97,204,0
summer,7,7|8|9,spatially_blocked,rf,4329,671,0.8748137108792846,0.8775995552860321,0.8157617755695746,50,320,97,204,0
summer,7,7|8|9,spatially_blocked,svm,4329,671,0.8673621460506706,0.8713734965635739,0.8053512992007927,50,320,97,204,0
