season,district,role,model_key,stored_n,rerun_n,stored_overall_accuracy,rerun_overall_accuracy,matrix_redistribution,identical
summer,Anuppur,test,after-cart,100,100,0.51,0.51,0,True
summer,Anuppur,test,after-gtb,100,100,0.64,0.66,4,False
summer,Anuppur,test,after-gtb-b19,100,100,0.61,0.61,0,True
summer,Anuppur,test,after-gtb-b22,100,100,0.64,0.62,5,False
summer,Anuppur,test,after-gtb-b27,100,100,0.62,0.64,6,False
summer,Anuppur,test,after-knn,100,100,0.56,0.56,0,True
summer,Anuppur,test,after-rf,100,100,0.57,0.57,0,True
summer,Anuppur,test,after-svm,100,100,0.64,0.64,0,True
summer,Ashoknagar,test,after-cart,100,100,0.66,0.66,0,True
summer,Ashoknagar,test,after-gtb,100,100,0.81,0.82,3,False
summer,Ashoknagar,test,after-gtb-b19,100,100,0.77,0.8,4,False
summer,Ashoknagar,test,after-gtb-b22,100,100,0.76,0.8,4,False
summer,Ashoknagar,test,after-gtb-b27,100,100,0.72,0.77,5,False
summer,Ashoknagar,test,after-knn,100,100,0.78,0.78,0,True
summer,Ashoknagar,test,after-rf,100,100,0.81,0.81,0,True
summer,Ashoknagar,test,after-svm,100,100,0.75,0.75,0,True
summer,Balaghat,test,after-cart,100,100,0.53,0.53,0,True
summer,Balaghat,test,after-gtb,100,100,0.67,0.66,3,False
summer,Balaghat,test,after-gtb-b19,100,100,0.6,0.61,1,False
summer,Balaghat,test,after-gtb-b22,100,100,0.59,0.61,7,False
summer,Balaghat,test,after-gtb-b27,100,100,0.55,0.62,9,False
summer,Balaghat,test,after-knn,100,100,0.64,0.64,0,True
summer,Balaghat,test,after-rf,100,100,0.6,0.6,0,True
summer,Balaghat,test,after-svm,100,100,0.69,0.69,0,True
summer,Barwani,development,after-cart,93,93,0.698925,0.698925,0,True
summer,Barwani,development,after-gtb,93,93,0.774194,0.774194,3,False
summer,Barwani,development,after-gtb-b19,93,93,0.741935,0.752688,4,False
summer,Barwani,development,after-gtb-b22,93,93,0.752688,0.741935,2,False
summer,Barwani,development,after-gtb-b27,93,93,0.763441,0.774194,2,False
summer,Barwani,development,after-knn,93,93,0.709677,0.709677,0,True
summer,Barwani,development,after-rf,93,93,0.752688,0.752688,0,True
summer,Barwani,development,after-svm,93,93,0.72043,0.72043,0,True
summer,Betul,test,after-cart,100,100,0.59,0.59,0,True
summer,Betul,test,after-gtb,100,100,0.65,0.66,1,False
summer,Betul,test,after-gtb-b19,100,100,0.62,0.62,3,False
summer,Betul,test,after-gtb-b22,100,100,0.63,0.63,6,False
summer,Betul,test,after-gtb-b27,100,100,0.66,0.67,2,False
summer,Betul,test,after-knn,100,100,0.63,0.63,0,True
summer,Betul,test,after-rf,100,100,0.65,0.65,0,True
summer,Betul,test,after-svm,100,100,0.65,0.65,0,True
summer,Bhind,test,after-cart,80,80,0.725,0.725,0,True
summer,Bhind,test,after-gtb,80,80,0.775,0.7625,1,False
summer,Bhind,test,after-gtb-b19,80,80,0.7,0.7125,6,False
summer,Bhind,test,after-gtb-b22,80,80,0.7,0.7125,2,False
summer,Bhind,test,after-gtb-b27,80,80,0.75,0.725,4,False
summer,Bhind,test,after-knn,80,80,0.675,0.675,0,True
summer,Bhind,test,after-rf,80,80,0.775,0.775,0,True
summer,Bhind,test,after-svm,80,80,0.7625,0.7625,0,True
summer,Bhopal,test,after-cart,100,100,0.64,0.64,0,True
summer,Bhopal,test,after-gtb,100,100,0.82,0.82,1,False
summer,Bhopal,test,after-gtb-b19,100,100,0.72,0.75,3,False
summer,Bhopal,test,after-gtb-b22,100,100,0.73,0.77,6,False
summer,Bhopal,test,after-gtb-b27,100,100,0.79,0.79,1,False
summer,Bhopal,test,after-knn,100,100,0.76,0.76,0,True
summer,Bhopal,test,after-rf,100,100,0.78,0.78,0,True
summer,Bhopal,test,after-svm,100,100,0.67,0.67,0,True
summer,Burhanpur,test,after-cart,80,80,0.6375,0.6375,0,True
summer,Burhanpur,test,after-gtb,80,80,0.8375,0.875,3,False
summer,Burhanpur,test,after-gtb-b19,80,80,0.8,0.8125,1,False
summer,Burhanpur,test,after-gtb-b22,80,80,0.8625,0.8625,1,False
summer,Burhanpur,test,after-gtb-b27,80,80,0.875,0.875,1,False
summer,Burhanpur,test,after-knn,80,80,0.825,0.825,0,True
summer,Burhanpur,test,after-rf,80,80,0.8125,0.8125,0,True
summer,Burhanpur,test,after-svm,80,80,0.7625,0.7625,0,True
summer,Chhatarpur,test,after-cart,87,87,0.62069,0.62069,0,True
summer,Chhatarpur,test,after-gtb,87,87,0.758621,0.758621,0,True
summer,Chhatarpur,test,after-gtb-b19,87,87,0.724138,0.712644,2,False
summer,Chhatarpur,test,after-gtb-b22,87,87,0.735632,0.735632,2,False
summer,Chhatarpur,test,after-gtb-b27,87,87,0.712644,0.701149,5,False
summer,Chhatarpur,test,after-knn,87,87,0.632184,0.632184,0,True
summer,Chhatarpur,test,after-rf,87,87,0.747126,0.747126,0,True
summer,Chhatarpur,test,after-svm,87,87,0.643678,0.643678,0,True
summer,Chhindwara,test,after-cart,100,100,0.55,0.55,0,True
summer,Chhindwara,test,after-gtb,100,100,0.68,0.68,0,True
summer,Chhindwara,test,after-gtb-b19,100,100,0.62,0.63,2,False
summer,Chhindwara,test,after-gtb-b22,100,100,0.66,0.66,0,True
summer,Chhindwara,test,after-gtb-b27,100,100,0.67,0.67,0,True
summer,Chhindwara,test,after-knn,100,100,0.62,0.62,0,True
summer,Chhindwara,test,after-rf,100,100,0.64,0.64,0,True
summer,Chhindwara,test,after-svm,100,100,0.59,0.59,0,True
summer,Damoh,development,after-cart,80,80,0.7625,0.7625,0,True
summer,Damoh,development,after-gtb,80,80,0.7375,0.7375,0,True
summer,Damoh,development,after-gtb-b19,80,80,0.6875,0.6875,0,True
summer,Damoh,development,after-gtb-b22,80,80,0.7,0.7,0,True
summer,Damoh,development,after-gtb-b27,80,80,0.7375,0.7375,0,True
summer,Damoh,development,after-knn,80,80,0.7125,0.7125,0,True
summer,Damoh,development,after-rf,80,80,0.7625,0.7625,0,True
summer,Damoh,development,after-svm,80,80,0.775,0.775,0,True
summer,Datia,test,after-cart,100,100,0.64,0.64,0,True
summer,Datia,test,after-gtb,100,100,0.81,0.81,0,True
summer,Datia,test,after-gtb-b19,100,100,0.72,0.73,3,False
summer,Datia,test,after-gtb-b22,100,100,0.79,0.79,0,True
summer,Datia,test,after-gtb-b27,100,100,0.79,0.79,0,True
summer,Datia,test,after-knn,100,100,0.6,0.6,0,True
summer,Datia,test,after-rf,100,100,0.74,0.74,0,True
summer,Datia,test,after-svm,100,100,0.63,0.63,0,True
summer,Dewas,test,after-cart,80,80,0.725,0.725,0,True
summer,Dewas,test,after-gtb,80,80,0.8,0.8,0,True
summer,Dewas,test,after-gtb-b19,80,80,0.7875,0.775,1,False
summer,Dewas,test,after-gtb-b22,80,80,0.7625,0.7625,0,True
summer,Dewas,test,after-gtb-b27,80,80,0.7875,0.7875,0,True
summer,Dewas,test,after-knn,80,80,0.775,0.775,0,True
summer,Dewas,test,after-rf,80,80,0.8,0.8,0,True
summer,Dewas,test,after-svm,80,80,0.7375,0.7375,0,True
summer,Dhar,test,after-cart,100,100,0.52,0.52,0,True
summer,Dhar,test,after-gtb,100,100,0.7,0.7,0,True
summer,Dhar,test,after-gtb-b19,100,100,0.69,0.7,1,False
summer,Dhar,test,after-gtb-b22,100,100,0.71,0.71,0,True
summer,Dhar,test,after-gtb-b27,100,100,0.74,0.74,0,True
summer,Dhar,test,after-knn,100,100,0.65,0.65,0,True
summer,Dhar,test,after-rf,100,100,0.71,0.71,0,True
summer,Dhar,test,after-svm,100,100,0.64,0.64,0,True
summer,Dindori,training-withheld,after-cart,100,100,0.49,0.49,0,True
summer,Dindori,training-withheld,after-gtb,100,100,0.59,0.59,0,True
summer,Dindori,training-withheld,after-gtb-b19,100,100,0.55,0.56,5,False
summer,Dindori,training-withheld,after-gtb-b22,100,100,0.55,0.55,0,True
summer,Dindori,training-withheld,after-gtb-b27,100,100,0.59,0.59,0,True
summer,Dindori,training-withheld,after-knn,100,100,0.56,0.56,0,True
summer,Dindori,training-withheld,after-rf,100,100,0.56,0.56,0,True
summer,Dindori,training-withheld,after-svm,100,100,0.57,0.57,0,True
summer,East Nimar,test,after-cart,80,80,0.725,0.725,0,True
summer,East Nimar,test,after-gtb,80,80,0.8,0.8,0,True
summer,East Nimar,test,after-gtb-b19,80,80,0.7625,0.775,1,False
summer,East Nimar,test,after-gtb-b22,80,80,0.775,0.775,0,True
summer,East Nimar,test,after-gtb-b27,80,80,0.7625,0.7625,0,True
summer,East Nimar,test,after-knn,80,80,0.8,0.8,0,True
summer,East Nimar,test,after-rf,80,80,0.85,0.85,0,True
summer,East Nimar,test,after-svm,80,80,0.825,0.825,0,True
summer,Guna,test,after-cart,100,100,0.5,0.5,0,True
summer,Guna,test,after-gtb,100,100,0.63,0.63,0,True
summer,Guna,test,after-gtb-b19,100,100,0.61,0.6,1,False
summer,Guna,test,after-gtb-b22,100,100,0.63,0.63,0,True
summer,Guna,test,after-gtb-b27,100,100,0.64,0.64,0,True
summer,Guna,test,after-knn,100,100,0.62,0.62,0,True
summer,Guna,test,after-rf,100,100,0.64,0.64,0,True
summer,Guna,test,after-svm,100,100,0.62,0.62,0,True
summer,Gwalior,test,after-cart,80,80,0.6,0.6,0,True
summer,Gwalior,test,after-gtb,80,80,0.7625,0.7625,0,True
summer,Gwalior,test,after-gtb-b19,80,80,0.725,0.7375,1,False
summer,Gwalior,test,after-gtb-b22,80,80,0.725,0.725,0,True
summer,Gwalior,test,after-gtb-b27,80,80,0.75,0.75,0,True
summer,Gwalior,test,after-knn,80,80,0.7125,0.7125,0,True
summer,Gwalior,test,after-rf,80,80,0.7625,0.7625,0,True
summer,Gwalior,test,after-svm,80,80,0.725,0.725,0,True
summer,Harda,development,after-cart,84,84,0.666667,0.666667,0,True
summer,Harda,development,after-gtb,84,84,0.797619,0.797619,0,True
summer,Harda,development,after-gtb-b19,84,84,0.761905,0.77381,2,False
summer,Harda,development,after-gtb-b22,84,84,0.785714,0.785714,0,True
summer,Harda,development,after-gtb-b27,84,84,0.797619,0.797619,0,True
summer,Harda,development,after-knn,84,84,0.77381,0.77381,0,True
summer,Harda,development,after-rf,84,84,0.833333,0.833333,0,True
summer,Harda,development,after-svm,84,84,0.785714,0.785714,0,True
summer,Hoshangabad,development,after-cart,100,100,0.66,0.66,0,True
summer,Hoshangabad,development,after-gtb,100,100,0.77,0.77,0,True
summer,Hoshangabad,development,after-gtb-b19,100,100,0.66,0.69,8,False
summer,Hoshangabad,development,after-gtb-b22,100,100,0.73,0.73,0,True
summer,Hoshangabad,development,after-gtb-b27,100,100,0.74,0.74,0,True
summer,Hoshangabad,development,after-knn,100,100,0.75,0.75,0,True
summer,Hoshangabad,development,after-rf,100,100,0.74,0.74,0,True
summer,Hoshangabad,development,after-svm,100,100,0.74,0.74,0,True
summer,Indore,test,after-cart,100,100,0.55,0.55,0,True
summer,Indore,test,after-gtb,100,100,0.83,0.83,0,True
summer,Indore,test,after-gtb-b19,100,100,0.79,0.79,2,False
summer,Indore,test,after-gtb-b22,100,100,0.81,0.81,0,True
summer,Indore,test,after-gtb-b27,100,100,0.82,0.82,0,True
summer,Indore,test,after-knn,100,100,0.82,0.82,0,True
summer,Indore,test,after-rf,100,100,0.85,0.85,0,True
summer,Indore,test,after-svm,100,100,0.67,0.67,0,True
summer,Jabalpur,training-withheld,after-cart,86,86,0.616279,0.616279,0,True
summer,Jabalpur,training-withheld,after-gtb,86,86,0.77907,0.77907,0,True
summer,Jabalpur,training-withheld,after-gtb-b19,86,86,0.77907,0.77907,1,False
summer,Jabalpur,training-withheld,after-gtb-b22,86,86,0.77907,0.77907,0,True
summer,Jabalpur,training-withheld,after-gtb-b27,86,86,0.790698,0.790698,0,True
summer,Jabalpur,training-withheld,after-knn,86,86,0.755814,0.755814,0,True
summer,Jabalpur,training-withheld,after-rf,86,86,0.77907,0.77907,0,True
summer,Jabalpur,training-withheld,after-svm,86,86,0.755814,0.755814,0,True
summer,Jhabua,development,after-cart,100,100,0.47,0.47,0,True
summer,Jhabua,development,after-gtb,100,100,0.65,0.65,0,True
summer,Jhabua,development,after-gtb-b19,100,100,0.58,0.6,3,False
summer,Jhabua,development,after-gtb-b22,100,100,0.64,0.64,0,True
summer,Jhabua,development,after-gtb-b27,100,100,0.63,0.63,0,True
summer,Jhabua,development,after-knn,100,100,0.63,0.63,0,True
summer,Jhabua,development,after-rf,100,100,0.61,0.61,0,True
summer,Jhabua,development,after-svm,100,100,0.61,0.61,0,True
summer,Katni,training-withheld,after-cart,98,98,0.581633,0.581633,0,True
summer,Katni,training-withheld,after-gtb,98,98,0.785714,0.785714,0,True
summer,Katni,training-withheld,after-gtb-b19,98,98,0.653061,0.683673,5,False
summer,Katni,training-withheld,after-gtb-b22,98,98,0.765306,0.765306,0,True
summer,Katni,training-withheld,after-gtb-b27,98,98,0.765306,0.765306,0,True
summer,Katni,training-withheld,after-knn,98,98,0.755102,0.755102,0,True
summer,Katni,training-withheld,after-rf,98,98,0.734694,0.734694,0,True
summer,Katni,training-withheld,after-svm,98,98,0.734694,0.734694,0,True
summer,Mandla,training-withheld,after-cart,100,100,0.49,0.49,0,True
summer,Mandla,training-withheld,after-gtb,100,100,0.62,0.62,0,True
summer,Mandla,training-withheld,after-gtb-b19,100,100,0.59,0.6,2,False
summer,Mandla,training-withheld,after-gtb-b22,100,100,0.6,0.6,0,True
summer,Mandla,training-withheld,after-gtb-b27,100,100,0.6,0.6,0,True
summer,Mandla,training-withheld,after-knn,100,100,0.56,0.56,0,True
summer,Mandla,training-withheld,after-rf,100,100,0.59,0.59,0,True
summer,Mandla,training-withheld,after-svm,100,100,0.6,0.6,0,True
summer,Mandsaur,development,after-cart,100,100,0.63,0.63,0,True
summer,Mandsaur,development,after-gtb,100,100,0.88,0.88,0,True
summer,Mandsaur,development,after-gtb-b19,100,100,0.78,0.77,3,False
summer,Mandsaur,development,after-gtb-b22,100,100,0.82,0.82,0,True
summer,Mandsaur,development,after-gtb-b27,100,100,0.86,0.86,0,True
summer,Mandsaur,development,after-knn,100,100,0.79,0.79,0,True
summer,Mandsaur,development,after-rf,100,100,0.92,0.92,0,True
summer,Mandsaur,development,after-svm,100,100,0.77,0.77,0,True
summer,Morena,test,after-cart,80,80,0.725,0.725,0,True
summer,Morena,test,after-gtb,80,80,0.875,0.875,0,True
summer,Morena,test,after-gtb-b19,80,80,0.7125,0.7625,8,False
summer,Morena,test,after-gtb-b22,80,80,0.7625,0.7625,0,True
summer,Morena,test,after-gtb-b27,80,80,0.7375,0.7375,0,True
summer,Morena,test,after-knn,80,80,0.7625,0.7625,0,True
summer,Morena,test,after-rf,80,80,0.725,0.725,0,True
summer,Morena,test,after-svm,80,80,0.7625,0.7625,0,True
summer,Narsinghpur,test,after-cart,100,100,0.69,0.69,0,True
summer,Narsinghpur,test,after-gtb,100,100,0.76,0.76,0,True
summer,Narsinghpur,test,after-gtb-b19,100,100,0.72,0.71,3,False
summer,Narsinghpur,test,after-gtb-b22,100,100,0.72,0.72,0,True
summer,Narsinghpur,test,after-gtb-b27,100,100,0.75,0.75,0,True
summer,Narsinghpur,test,after-knn,100,100,0.83,0.83,0,True
summer,Narsinghpur,test,after-rf,100,100,0.79,0.79,0,True
summer,Narsinghpur,test,after-svm,100,100,0.75,0.75,0,True
summer,Neemuch,development,after-cart,80,80,0.5875,0.5875,0,True
summer,Neemuch,development,after-gtb,80,80,0.7125,0.7125,0,True
summer,Neemuch,development,after-gtb-b19,80,80,0.7,0.725,2,False
summer,Neemuch,development,after-gtb-b22,80,80,0.7125,0.7125,0,True
summer,Neemuch,development,after-gtb-b27,80,80,0.725,0.725,0,True
summer,Neemuch,development,after-knn,80,80,0.6375,0.6375,0,True
summer,Neemuch,development,after-rf,80,80,0.7,0.7,0,True
summer,Neemuch,development,after-svm,80,80,0.6625,0.6625,0,True
summer,Panna,test,after-cart,83,83,0.614458,0.614458,0,True
summer,Panna,test,after-gtb,83,83,0.746988,0.746988,0,True
summer,Panna,test,after-gtb-b19,83,83,0.710843,0.722892,1,False
summer,Panna,test,after-gtb-b22,83,83,0.722892,0.722892,0,True
summer,Panna,test,after-gtb-b27,83,83,0.759036,0.759036,0,True
summer,Panna,test,after-knn,83,83,0.710843,0.710843,0,True
summer,Panna,test,after-rf,83,83,0.73494,0.73494,0,True
summer,Panna,test,after-svm,83,83,0.722892,0.722892,0,True
summer,Raisen,test,after-cart,94,94,0.712766,0.712766,0,True
summer,Raisen,test,after-gtb,94,94,0.87234,0.87234,0,True
summer,Raisen,test,after-gtb-b19,94,94,0.723404,0.765957,6,False
summer,Raisen,test,after-gtb-b22,94,94,0.776596,0.776596,0,True
summer,Raisen,test,after-gtb-b27,94,94,0.819149,0.819149,0,True
summer,Raisen,test,after-knn,94,94,0.819149,0.819149,0,True
summer,Raisen,test,after-rf,94,94,0.840426,0.840426,0,True
summer,Raisen,test,after-svm,94,94,0.829787,0.829787,0,True
summer,Rajgarh,development,after-cart,100,100,0.67,0.67,0,True
summer,Rajgarh,development,after-gtb,100,100,0.81,0.81,0,True
summer,Rajgarh,development,after-gtb-b19,100,100,0.78,0.78,2,False
summer,Rajgarh,development,after-gtb-b22,100,100,0.76,0.76,0,True
summer,Rajgarh,development,after-gtb-b27,100,100,0.81,0.81,0,True
summer,Rajgarh,development,after-knn,100,100,0.75,0.75,0,True
summer,Rajgarh,development,after-rf,100,100,0.82,0.82,0,True
summer,Rajgarh,development,after-svm,100,100,0.69,0.69,0,True
summer,Ratlam,test,after-cart,80,80,0.7,0.7,0,True
summer,Ratlam,test,after-gtb,80,80,0.725,0.7375,2,False
summer,Ratlam,test,after-gtb-b19,80,80,0.7125,0.7125,0,True
summer,Ratlam,test,after-gtb-b22,80,80,0.725,0.725,1,False
summer,Ratlam,test,after-gtb-b27,80,80,0.725,0.725,0,True
summer,Ratlam,test,after-knn,80,80,0.7625,0.7625,0,True
summer,Ratlam,test,after-rf,80,80,0.7375,0.7375,0,True
summer,Ratlam,test,after-svm,80,80,0.75,0.75,0,True
summer,Rewa,development,after-cart,100,100,0.52,0.52,0,True
summer,Rewa,development,after-gtb,100,100,0.66,0.67,2,False
summer,Rewa,development,after-gtb-b19,100,100,0.62,0.61,2,False
summer,Rewa,development,after-gtb-b22,100,100,0.64,0.6,4,False
summer,Rewa,development,after-gtb-b27,100,100,0.66,0.67,5,False
summer,Rewa,development,after-knn,100,100,0.68,0.68,0,True
summer,Rewa,development,after-rf,100,100,0.61,0.61,0,True
summer,Rewa,development,after-svm,100,100,0.63,0.63,0,True
summer,Sagar,test,after-cart,100,100,0.65,0.65,0,True
summer,Sagar,test,after-gtb,100,100,0.71,0.72,3,False
summer,Sagar,test,after-gtb-b19,100,100,0.7,0.69,1,False
summer,Sagar,test,after-gtb-b22,100,100,0.72,0.72,0,True
summer,Sagar,test,after-gtb-b27,100,100,0.71,0.71,2,False
summer,Sagar,test,after-knn,100,100,0.78,0.78,0,True
summer,Sagar,test,after-rf,100,100,0.71,0.71,0,True
summer,Sagar,test,after-svm,100,100,0.75,0.75,0,True
summer,Satna,test,after-cart,100,100,0.65,0.65,0,True
summer,Satna,test,after-gtb,100,100,0.67,0.73,6,False
summer,Satna,test,after-gtb-b19,100,100,0.68,0.69,2,False
summer,Satna,test,after-gtb-b22,100,100,0.64,0.68,5,False
summer,Satna,test,after-gtb-b27,100,100,0.69,0.7,5,False
summer,Satna,test,after-knn,100,100,0.66,0.66,0,True
summer,Satna,test,after-rf,100,100,0.71,0.71,0,True
summer,Satna,test,after-svm,100,100,0.67,0.67,0,True
summer,Sehore,development,after-cart,100,100,0.65,0.65,0,True
summer,Sehore,development,after-gtb,100,100,0.85,0.86,1,False
summer,Sehore,development,after-gtb-b19,100,100,0.79,0.8,4,False
summer,Sehore,development,after-gtb-b22,100,100,0.79,0.79,2,False
summer,Sehore,development,after-gtb-b27,100,100,0.82,0.83,3,False
summer,Sehore,development,after-knn,100,100,0.84,0.84,0,True
summer,Sehore,development,after-rf,100,100,0.87,0.87,0,True
summer,Sehore,development,after-svm,100,100,0.8,0.8,0,True
summer,Seoni,test,after-cart,100,100,0.63,0.63,0,True
summer,Seoni,test,after-gtb,100,100,0.78,0.75,3,False
summer,Seoni,test,after-gtb-b19,100,100,0.74,0.71,4,False
summer,Seoni,test,after-gtb-b22,100,100,0.74,0.76,3,False
summer,Seoni,test,after-gtb-b27,100,100,0.79,0.77,3,False
summer,Seoni,test,after-knn,100,100,0.72,0.72,0,True
summer,Seoni,test,after-rf,100,100,0.72,0.72,0,True
summer,Seoni,test,after-svm,100,100,0.76,0.76,0,True
summer,Shahdol,test,after-cart,100,100,0.49,0.49,0,True
summer,Shahdol,test,after-gtb,100,100,0.55,0.55,1,False
summer,Shahdol,test,after-gtb-b19,100,100,0.56,0.56,3,False
summer,Shahdol,test,after-gtb-b22,100,100,0.59,0.58,3,False
summer,Shahdol,test,after-gtb-b27,100,100,0.59,0.59,2,False
summer,Shahdol,test,after-knn,100,100,0.53,0.53,0,True
summer,Shahdol,test,after-rf,100,100,0.53,0.53,0,True
summer,Shahdol,test,after-svm,100,100,0.56,0.56,0,True
summer,Shajapur,development,after-cart,94,94,0.62766,0.62766,0,True
summer,Shajapur,development,after-gtb,94,94,0.755319,0.755319,3,False
summer,Shajapur,development,after-gtb-b19,94,94,0.702128,0.691489,2,False
summer,Shajapur,development,after-gtb-b22,94,94,0.691489,0.712766,3,False
summer,Shajapur,development,after-gtb-b27,94,94,0.734043,0.734043,0,True
summer,Shajapur,development,after-knn,94,94,0.734043,0.734043,0,True
summer,Shajapur,development,after-rf,94,94,0.680851,0.680851,0,True
summer,Shajapur,development,after-svm,94,94,0.680851,0.680851,0,True
summer,Sheopur,development,after-cart,100,100,0.71,0.71,0,True
summer,Sheopur,development,after-gtb,100,100,0.81,0.8,3,False
summer,Sheopur,development,after-gtb-b19,100,100,0.72,0.75,5,False
summer,Sheopur,development,after-gtb-b22,100,100,0.75,0.79,6,False
summer,Sheopur,development,after-gtb-b27,100,100,0.79,0.78,1,False
summer,Sheopur,development,after-knn,100,100,0.8,0.8,0,True
summer,Sheopur,development,after-rf,100,100,0.82,0.82,0,True
summer,Sheopur,development,after-svm,100,100,0.82,0.82,0,True
summer,Shivpuri,development,after-cart,87,87,0.563218,0.563218,0,True
summer,Shivpuri,development,after-gtb,87,87,0.712644,0.735632,6,False
summer,Shivpuri,development,after-gtb-b19,87,87,0.724138,0.747126,2,False
summer,Shivpuri,development,after-gtb-b22,87,87,0.701149,0.701149,0,True
summer,Shivpuri,development,after-gtb-b27,87,87,0.701149,0.689655,1,False
summer,Shivpuri,development,after-knn,87,87,0.655172,0.655172,0,True
summer,Shivpuri,development,after-rf,87,87,0.724138,0.724138,0,True
summer,Shivpuri,development,after-svm,87,87,0.678161,0.678161,0,True
summer,Sidhi,test,after-cart,100,100,0.53,0.53,0,True
summer,Sidhi,test,after-gtb,100,100,0.61,0.62,4,False
summer,Sidhi,test,after-gtb-b19,100,100,0.54,0.53,1,False
summer,Sidhi,test,after-gtb-b22,100,100,0.59,0.6,1,False
summer,Sidhi,test,after-gtb-b27,100,100,0.58,0.6,2,False
summer,Sidhi,test,after-knn,100,100,0.6,0.6,0,True
summer,Sidhi,test,after-rf,100,100,0.54,0.54,0,True
summer,Sidhi,test,after-svm,100,100,0.57,0.57,0,True
summer,Tikamgarh,development,after-cart,100,100,0.49,0.49,0,True
summer,Tikamgarh,development,after-gtb,100,100,0.61,0.62,3,False
summer,Tikamgarh,development,after-gtb-b19,100,100,0.6,0.58,7,False
summer,Tikamgarh,development,after-gtb-b22,100,100,0.57,0.56,2,False
summer,Tikamgarh,development,after-gtb-b27,100,100,0.59,0.58,3,False
summer,Tikamgarh,development,after-knn,100,100,0.56,0.56,0,True
summer,Tikamgarh,development,after-rf,100,100,0.65,0.65,0,True
summer,Tikamgarh,development,after-svm,100,100,0.58,0.58,0,True
summer,Ujjain,test,after-cart,80,80,0.675,0.675,0,True
summer,Ujjain,test,after-gtb,80,80,0.8125,0.825,3,False
summer,Ujjain,test,after-gtb-b19,80,80,0.7375,0.725,2,False
summer,Ujjain,test,after-gtb-b22,80,80,0.725,0.75,2,False
summer,Ujjain,test,after-gtb-b27,80,80,0.7625,0.775,2,False
summer,Ujjain,test,after-knn,80,80,0.75,0.75,0,True
summer,Ujjain,test,after-rf,80,80,0.8,0.8,0,True
summer,Ujjain,test,after-svm,80,80,0.6625,0.6625,0,True
summer,Umaria,test,after-cart,100,100,0.51,0.51,0,True
summer,Umaria,test,after-gtb,100,100,0.68,0.69,1,False
summer,Umaria,test,after-gtb-b19,100,100,0.6,0.6,4,False
summer,Umaria,test,after-gtb-b22,100,100,0.65,0.61,4,False
summer,Umaria,test,after-gtb-b27,100,100,0.67,0.67,2,False
summer,Umaria,test,after-knn,100,100,0.55,0.55,0,True
summer,Umaria,test,after-rf,100,100,0.62,0.62,0,True
summer,Umaria,test,after-svm,100,100,0.55,0.55,0,True
summer,Vidisha,test,after-cart,88,88,0.613636,0.613636,0,True
summer,Vidisha,test,after-gtb,88,88,0.761364,0.772727,1,False
summer,Vidisha,test,after-gtb-b19,88,88,0.715909,0.715909,3,False
summer,Vidisha,test,after-gtb-b22,88,88,0.738636,0.761364,3,False
summer,Vidisha,test,after-gtb-b27,88,88,0.75,0.738636,4,False
summer,Vidisha,test,after-knn,88,88,0.727273,0.727273,0,True
summer,Vidisha,test,after-rf,88,88,0.761364,0.761364,0,True
summer,Vidisha,test,after-svm,88,88,0.659091,0.659091,0,True
summer,West Nimar,development,after-cart,100,100,0.63,0.63,0,True
summer,West Nimar,development,after-gtb,100,100,0.75,0.75,4,False
summer,West Nimar,development,after-gtb-b19,100,100,0.7,0.74,4,False
summer,West Nimar,development,after-gtb-b22,100,100,0.71,0.73,4,False
summer,West Nimar,development,after-gtb-b27,100,100,0.74,0.75,3,False
summer,West Nimar,development,after-knn,100,100,0.74,0.74,0,True
summer,West Nimar,development,after-rf,100,100,0.71,0.71,0,True
summer,West Nimar,development,after-svm,100,100,0.69,0.69,0,True
winter,Anuppur,test,after-cart,100,100,0.68,0.68,0,True
winter,Anuppur,test,after-gtb,100,100,0.75,0.75,0,True
winter,Anuppur,test,after-gtb-b19,100,100,0.74,0.74,1,False
winter,Anuppur,test,after-gtb-b22,100,100,0.74,0.73,2,False
winter,Anuppur,test,after-gtb-b27,100,100,0.72,0.72,0,True
winter,Anuppur,test,after-knn,100,100,0.74,0.74,0,True
winter,Anuppur,test,after-rf,100,100,0.75,0.75,0,True
winter,Anuppur,test,after-svm,100,100,0.74,0.74,0,True
winter,Ashoknagar,test,after-cart,100,100,0.85,0.85,0,True
winter,Ashoknagar,test,after-gtb,100,100,0.9,0.9,0,True
winter,Ashoknagar,test,after-gtb-b19,100,100,0.87,0.87,0,True
winter,Ashoknagar,test,after-gtb-b22,100,100,0.86,0.86,0,True
winter,Ashoknagar,test,after-gtb-b27,100,100,0.86,0.86,2,False
winter,Ashoknagar,test,after-knn,100,100,0.88,0.88,0,True
winter,Ashoknagar,test,after-rf,100,100,0.86,0.86,0,True
winter,Ashoknagar,test,after-svm,100,100,0.89,0.89,0,True
winter,Balaghat,test,after-cart,100,100,0.78,0.78,0,True
winter,Balaghat,test,after-gtb,100,100,0.77,0.77,0,True
winter,Balaghat,test,after-gtb-b19,100,100,0.8,0.8,0,True
winter,Balaghat,test,after-gtb-b22,100,100,0.79,0.79,0,True
winter,Balaghat,test,after-gtb-b27,100,100,0.79,0.78,1,False
winter,Balaghat,test,after-knn,100,100,0.79,0.79,0,True
winter,Balaghat,test,after-rf,100,100,0.79,0.79,0,True
winter,Balaghat,test,after-svm,100,100,0.82,0.82,0,True
winter,Barwani,development,after-cart,100,100,0.7,0.7,0,True
winter,Barwani,development,after-gtb,100,100,0.82,0.82,0,True
winter,Barwani,development,after-gtb-b19,100,100,0.81,0.81,0,True
winter,Barwani,development,after-gtb-b22,100,100,0.81,0.81,0,True
winter,Barwani,development,after-gtb-b27,100,100,0.85,0.84,2,False
winter,Barwani,development,after-knn,100,100,0.77,0.77,0,True
winter,Barwani,development,after-rf,100,100,0.8,0.8,0,True
winter,Barwani,development,after-svm,100,100,0.82,0.82,0,True
winter,Betul,test,after-cart,100,100,0.82,0.82,0,True
winter,Betul,test,after-gtb,100,100,0.83,0.81,2,False
winter,Betul,test,after-gtb-b19,100,100,0.82,0.82,0,True
winter,Betul,test,after-gtb-b22,100,100,0.81,0.81,0,True
winter,Betul,test,after-gtb-b27,100,100,0.79,0.78,1,False
winter,Betul,test,after-knn,100,100,0.82,0.82,0,True
winter,Betul,test,after-rf,100,100,0.8,0.8,0,True
winter,Betul,test,after-svm,100,100,0.85,0.85,0,True
winter,Bhind,test,after-cart,100,100,0.89,0.89,0,True
winter,Bhind,test,after-gtb,100,100,0.95,0.94,1,False
winter,Bhind,test,after-gtb-b19,100,100,0.96,0.96,0,True
winter,Bhind,test,after-gtb-b22,100,100,0.94,0.94,0,True
winter,Bhind,test,after-gtb-b27,100,100,0.96,0.96,0,True
winter,Bhind,test,after-knn,100,100,0.95,0.95,0,True
winter,Bhind,test,after-rf,100,100,0.95,0.95,0,True
winter,Bhind,test,after-svm,100,100,0.96,0.96,0,True
winter,Bhopal,test,after-cart,100,100,0.82,0.82,0,True
winter,Bhopal,test,after-gtb,100,100,0.88,0.86,2,False
winter,Bhopal,test,after-gtb-b19,100,100,0.83,0.83,0,True
winter,Bhopal,test,after-gtb-b22,100,100,0.87,0.87,0,True
winter,Bhopal,test,after-gtb-b27,100,100,0.85,0.83,2,False
winter,Bhopal,test,after-knn,100,100,0.86,0.86,0,True
winter,Bhopal,test,after-rf,100,100,0.9,0.9,0,True
winter,Bhopal,test,after-svm,100,100,0.84,0.84,0,True
winter,Burhanpur,test,after-cart,100,100,0.84,0.84,0,True
winter,Burhanpur,test,after-gtb,100,100,0.86,0.87,1,False
winter,Burhanpur,test,after-gtb-b19,100,100,0.83,0.83,0,True
winter,Burhanpur,test,after-gtb-b22,100,100,0.87,0.87,0,True
winter,Burhanpur,test,after-gtb-b27,100,100,0.86,0.88,4,False
winter,Burhanpur,test,after-knn,100,100,0.83,0.83,0,True
winter,Burhanpur,test,after-rf,100,100,0.88,0.88,0,True
winter,Burhanpur,test,after-svm,100,100,0.86,0.86,0,True
winter,Chhatarpur,test,after-cart,100,100,0.74,0.74,0,True
winter,Chhatarpur,test,after-gtb,100,100,0.86,0.85,1,False
winter,Chhatarpur,test,after-gtb-b19,100,100,0.85,0.85,0,True
winter,Chhatarpur,test,after-gtb-b22,100,100,0.83,0.83,0,True
winter,Chhatarpur,test,after-gtb-b27,100,100,0.82,0.82,2,False
winter,Chhatarpur,test,after-knn,100,100,0.81,0.81,0,True
winter,Chhatarpur,test,after-rf,100,100,0.89,0.89,0,True
winter,Chhatarpur,test,after-svm,100,100,0.81,0.81,0,True
winter,Chhindwara,test,after-cart,100,100,0.78,0.78,0,True
winter,Chhindwara,test,after-gtb,100,100,0.82,0.84,2,False
winter,Chhindwara,test,after-gtb-b19,100,100,0.83,0.83,0,True
winter,Chhindwara,test,after-gtb-b22,100,100,0.83,0.83,0,True
winter,Chhindwara,test,after-gtb-b27,100,100,0.83,0.83,0,True
winter,Chhindwara,test,after-knn,100,100,0.81,0.81,0,True
winter,Chhindwara,test,after-rf,100,100,0.82,0.82,0,True
winter,Chhindwara,test,after-svm,100,100,0.83,0.83,0,True
winter,Damoh,development,after-cart,100,100,0.83,0.83,0,True
winter,Damoh,development,after-gtb,100,100,0.85,0.87,2,False
winter,Damoh,development,after-gtb-b19,100,100,0.85,0.85,0,True
winter,Damoh,development,after-gtb-b22,100,100,0.87,0.87,0,True
winter,Damoh,development,after-gtb-b27,100,100,0.85,0.85,2,False
winter,Damoh,development,after-knn,100,100,0.85,0.85,0,True
winter,Damoh,development,after-rf,100,100,0.87,0.87,0,True
winter,Damoh,development,after-svm,100,100,0.89,0.89,0,True
winter,Datia,test,after-cart,100,100,0.92,0.92,0,True
winter,Datia,test,after-gtb,100,100,0.96,0.96,0,True
winter,Datia,test,after-gtb-b19,100,100,0.92,0.92,0,True
winter,Datia,test,after-gtb-b22,100,100,0.93,0.93,0,True
winter,Datia,test,after-gtb-b27,100,100,0.94,0.93,1,False
winter,Datia,test,after-knn,100,100,0.95,0.95,0,True
winter,Datia,test,after-rf,100,100,0.95,0.95,0,True
winter,Datia,test,after-svm,100,100,0.97,0.97,0,True
winter,Dewas,test,after-cart,100,100,0.78,0.78,0,True
winter,Dewas,test,after-gtb,100,100,0.87,0.86,1,False
winter,Dewas,test,after-gtb-b19,100,100,0.83,0.83,0,True
winter,Dewas,test,after-gtb-b22,100,100,0.84,0.84,0,True
winter,Dewas,test,after-gtb-b27,100,100,0.82,0.82,1,False
winter,Dewas,test,after-knn,100,100,0.86,0.86,0,True
winter,Dewas,test,after-rf,100,100,0.85,0.85,0,True
winter,Dewas,test,after-svm,100,100,0.82,0.82,0,True
winter,Dhar,test,after-cart,100,100,0.78,0.78,0,True
winter,Dhar,test,after-gtb,100,100,0.88,0.85,3,False
winter,Dhar,test,after-gtb-b19,100,100,0.85,0.85,0,True
winter,Dhar,test,after-gtb-b22,100,100,0.85,0.85,0,True
winter,Dhar,test,after-gtb-b27,100,100,0.87,0.83,4,False
winter,Dhar,test,after-knn,100,100,0.81,0.81,0,True
winter,Dhar,test,after-rf,100,100,0.83,0.83,0,True
winter,Dhar,test,after-svm,100,100,0.85,0.85,0,True
winter,Dindori,training-withheld,after-cart,100,100,0.76,0.76,0,True
winter,Dindori,training-withheld,after-gtb,100,100,0.84,0.85,1,False
winter,Dindori,training-withheld,after-gtb-b19,100,100,0.84,0.84,0,True
winter,Dindori,training-withheld,after-gtb-b22,100,100,0.85,0.85,0,True
winter,Dindori,training-withheld,after-gtb-b27,100,100,0.87,0.87,0,True
winter,Dindori,training-withheld,after-knn,100,100,0.8,0.8,0,True
winter,Dindori,training-withheld,after-rf,100,100,0.83,0.83,0,True
winter,Dindori,training-withheld,after-svm,100,100,0.84,0.84,0,True
winter,East Nimar,test,after-cart,100,100,0.79,0.79,0,True
winter,East Nimar,test,after-gtb,100,100,0.88,0.89,3,False
winter,East Nimar,test,after-gtb-b19,100,100,0.85,0.85,0,True
winter,East Nimar,test,after-gtb-b22,100,100,0.86,0.86,0,True
winter,East Nimar,test,after-gtb-b27,100,100,0.87,0.87,3,False
winter,East Nimar,test,after-knn,100,100,0.83,0.83,0,True
winter,East Nimar,test,after-rf,100,100,0.81,0.81,0,True
winter,East Nimar,test,after-svm,100,100,0.88,0.88,0,True
winter,Guna,test,after-cart,100,100,0.81,0.81,0,True
winter,Guna,test,after-gtb,100,100,0.91,0.9,1,False
winter,Guna,test,after-gtb-b19,100,100,0.9,0.9,0,True
winter,Guna,test,after-gtb-b22,100,100,0.91,0.91,0,True
winter,Guna,test,after-gtb-b27,100,100,0.88,0.86,2,False
winter,Guna,test,after-knn,100,100,0.88,0.88,0,True
winter,Guna,test,after-rf,100,100,0.88,0.88,0,True
winter,Guna,test,after-svm,100,100,0.9,0.9,0,True
winter,Gwalior,test,after-cart,100,100,0.8,0.8,0,True
winter,Gwalior,test,after-gtb,100,100,0.86,0.85,1,False
winter,Gwalior,test,after-gtb-b19,100,100,0.82,0.82,0,True
winter,Gwalior,test,after-gtb-b22,100,100,0.82,0.82,0,True
winter,Gwalior,test,after-gtb-b27,100,100,0.85,0.83,2,False
winter,Gwalior,test,after-knn,100,100,0.82,0.82,0,True
winter,Gwalior,test,after-rf,100,100,0.86,0.86,0,True
winter,Gwalior,test,after-svm,100,100,0.89,0.89,0,True
winter,Harda,development,after-cart,100,100,0.82,0.82,0,True
winter,Harda,development,after-gtb,100,100,0.82,0.83,1,False
winter,Harda,development,after-gtb-b19,100,100,0.85,0.85,0,True
winter,Harda,development,after-gtb-b22,100,100,0.82,0.82,0,True
winter,Harda,development,after-gtb-b27,100,100,0.81,0.81,0,True
winter,Harda,development,after-knn,100,100,0.82,0.82,0,True
winter,Harda,development,after-rf,100,100,0.83,0.83,0,True
winter,Harda,development,after-svm,100,100,0.84,0.84,0,True
winter,Hoshangabad,development,after-cart,100,100,0.9,0.9,0,True
winter,Hoshangabad,development,after-gtb,100,100,0.96,0.96,0,True
winter,Hoshangabad,development,after-gtb-b19,100,100,0.94,0.94,0,True
winter,Hoshangabad,development,after-gtb-b22,100,100,0.96,0.96,0,True
winter,Hoshangabad,development,after-gtb-b27,100,100,0.95,0.96,1,False
winter,Hoshangabad,development,after-knn,100,100,0.93,0.93,0,True
winter,Hoshangabad,development,after-rf,100,100,0.94,0.94,0,True
winter,Hoshangabad,development,after-svm,100,100,0.96,0.96,0,True
winter,Indore,test,after-cart,100,100,0.78,0.78,0,True
winter,Indore,test,after-gtb,100,100,0.94,0.95,1,False
winter,Indore,test,after-gtb-b19,100,100,0.92,0.92,0,True
winter,Indore,test,after-gtb-b22,100,100,0.93,0.93,0,True
winter,Indore,test,after-gtb-b27,100,100,0.92,0.93,1,False
winter,Indore,test,after-knn,100,100,0.89,0.89,0,True
winter,Indore,test,after-rf,100,100,0.9,0.9,0,True
winter,Indore,test,after-svm,100,100,0.89,0.89,0,True
winter,Jabalpur,training-withheld,after-cart,88,88,0.784091,0.784091,0,True
winter,Jabalpur,training-withheld,after-gtb,88,88,0.852273,0.852273,0,True
winter,Jabalpur,training-withheld,after-gtb-b19,88,88,0.863636,0.863636,0,True
winter,Jabalpur,training-withheld,after-gtb-b22,88,88,0.818182,0.818182,0,True
winter,Jabalpur,training-withheld,after-gtb-b27,88,88,0.829545,0.829545,1,False
winter,Jabalpur,training-withheld,after-knn,88,88,0.840909,0.840909,0,True
winter,Jabalpur,training-withheld,after-rf,88,88,0.875,0.875,0,True
winter,Jabalpur,training-withheld,after-svm,88,88,0.829545,0.829545,0,True
winter,Jhabua,development,after-cart,100,100,0.66,0.66,0,True
winter,Jhabua,development,after-gtb,100,100,0.76,0.77,1,False
winter,Jhabua,development,after-gtb-b19,100,100,0.81,0.81,0,True
winter,Jhabua,development,after-gtb-b22,100,100,0.79,0.79,0,True
winter,Jhabua,development,after-gtb-b27,100,100,0.82,0.79,3,False
winter,Jhabua,development,after-knn,100,100,0.72,0.72,0,True
winter,Jhabua,development,after-rf,100,100,0.77,0.77,0,True
winter,Jhabua,development,after-svm,100,100,0.74,0.74,0,True
winter,Katni,training-withheld,after-cart,99,99,0.878788,0.878788,0,True
winter,Katni,training-withheld,after-gtb,99,99,0.919192,0.909091,1,False
winter,Katni,training-withheld,after-gtb-b19,99,99,0.89899,0.89899,0,True
winter,Katni,training-withheld,after-gtb-b22,99,99,0.909091,0.909091,0,True
winter,Katni,training-withheld,after-gtb-b27,99,99,0.919192,0.919192,0,True
winter,Katni,training-withheld,after-knn,99,99,0.878788,0.878788,0,True
winter,Katni,training-withheld,after-rf,99,99,0.929293,0.929293,0,True
winter,Katni,training-withheld,after-svm,99,99,0.919192,0.919192,0,True
winter,Mandla,training-withheld,after-cart,100,100,0.8,0.8,0,True
winter,Mandla,training-withheld,after-gtb,100,100,0.82,0.82,3,False
winter,Mandla,training-withheld,after-gtb-b19,100,100,0.82,0.82,1,False
winter,Mandla,training-withheld,after-gtb-b22,100,100,0.81,0.81,1,False
winter,Mandla,training-withheld,after-gtb-b27,100,100,0.83,0.83,2,False
winter,Mandla,training-withheld,after-knn,100,100,0.79,0.79,0,True
winter,Mandla,training-withheld,after-rf,100,100,0.8,0.8,0,True
winter,Mandla,training-withheld,after-svm,100,100,0.81,0.81,0,True
winter,Mandsaur,development,after-cart,100,100,0.87,0.87,0,True
winter,Mandsaur,development,after-gtb,100,100,0.96,0.94,2,False
winter,Mandsaur,development,after-gtb-b19,100,100,0.95,0.95,0,True
winter,Mandsaur,development,after-gtb-b22,100,100,0.96,0.96,2,False
winter,Mandsaur,development,after-gtb-b27,100,100,0.93,0.93,2,False
winter,Mandsaur,development,after-knn,100,100,0.93,0.93,0,True
winter,Mandsaur,development,after-rf,100,100,0.94,0.94,0,True
winter,Mandsaur,development,after-svm,100,100,0.97,0.97,0,True
winter,Morena,test,after-cart,100,100,0.94,0.94,0,True
winter,Morena,test,after-gtb,100,100,0.97,0.97,0,True
winter,Morena,test,after-gtb-b19,100,100,0.97,0.98,1,False
winter,Morena,test,after-gtb-b22,100,100,0.97,0.97,0,True
winter,Morena,test,after-gtb-b27,100,100,0.97,0.97,0,True
winter,Morena,test,after-knn,100,100,0.98,0.98,0,True
winter,Morena,test,after-rf,100,100,0.99,0.99,0,True
winter,Morena,test,after-svm,100,100,0.98,0.98,0,True
winter,Narsinghpur,test,after-cart,100,100,0.86,0.86,0,True
winter,Narsinghpur,test,after-gtb,100,100,0.95,0.95,0,True
winter,Narsinghpur,test,after-gtb-b19,100,100,0.9,0.91,1,False
winter,Narsinghpur,test,after-gtb-b22,100,100,0.93,0.93,0,True
winter,Narsinghpur,test,after-gtb-b27,100,100,0.94,0.94,0,True
winter,Narsinghpur,test,after-knn,100,100,0.9,0.9,0,True
winter,Narsinghpur,test,after-rf,100,100,0.92,0.92,0,True
winter,Narsinghpur,test,after-svm,100,100,0.93,0.93,0,True
winter,Neemuch,development,after-cart,100,100,0.83,0.83,0,True
winter,Neemuch,development,after-gtb,100,100,0.9,0.88,2,False
winter,Neemuch,development,after-gtb-b19,100,100,0.86,0.86,1,False
winter,Neemuch,development,after-gtb-b22,100,100,0.88,0.89,1,False
winter,Neemuch,development,after-gtb-b27,100,100,0.88,0.89,1,False
winter,Neemuch,development,after-knn,100,100,0.84,0.84,0,True
winter,Neemuch,development,after-rf,100,100,0.86,0.86,0,True
winter,Neemuch,development,after-svm,100,100,0.87,0.87,0,True
winter,Panna,test,after-cart,100,100,0.86,0.86,0,True
winter,Panna,test,after-gtb,100,100,0.92,0.92,2,False
winter,Panna,test,after-gtb-b19,100,100,0.92,0.92,0,True
winter,Panna,test,after-gtb-b22,100,100,0.9,0.9,0,True
winter,Panna,test,after-gtb-b27,100,100,0.91,0.92,1,False
winter,Panna,test,after-knn,100,100,0.87,0.87,0,True
winter,Panna,test,after-rf,100,100,0.92,0.92,0,True
winter,Panna,test,after-svm,100,100,0.94,0.94,0,True
winter,Raisen,test,after-cart,100,100,0.9,0.9,0,True
winter,Raisen,test,after-gtb,100,100,0.99,0.97,2,False
winter,Raisen,test,after-gtb-b19,100,100,0.97,0.96,1,False
winter,Raisen,test,after-gtb-b22,100,100,0.97,0.97,0,True
winter,Raisen,test,after-gtb-b27,100,100,0.96,0.95,1,False
winter,Raisen,test,after-knn,100,100,0.97,0.97,0,True
winter,Raisen,test,after-rf,100,100,0.98,0.98,0,True
winter,Raisen,test,after-svm,100,100,0.97,0.97,0,True
winter,Rajgarh,development,after-cart,100,100,0.86,0.86,0,True
winter,Rajgarh,development,after-gtb,100,100,0.88,0.88,0,True
winter,Rajgarh,development,after-gtb-b19,100,100,0.87,0.87,2,False
winter,Rajgarh,development,after-gtb-b22,100,100,0.88,0.87,1,False
winter,Rajgarh,development,after-gtb-b27,100,100,0.85,0.84,2,False
winter,Rajgarh,development,after-knn,100,100,0.88,0.88,0,True
winter,Rajgarh,development,after-rf,100,100,0.85,0.85,0,True
winter,Rajgarh,development,after-svm,100,100,0.86,0.86,0,True
winter,Ratlam,test,after-cart,100,100,0.72,0.72,0,True
winter,Ratlam,test,after-gtb,100,100,0.88,0.86,2,False
winter,Ratlam,test,after-gtb-b19,100,100,0.83,0.83,0,True
winter,Ratlam,test,after-gtb-b22,100,100,0.83,0.83,0,True
winter,Ratlam,test,after-gtb-b27,100,100,0.83,0.84,1,False
winter,Ratlam,test,after-knn,100,100,0.8,0.8,0,True
winter,Ratlam,test,after-rf,100,100,0.81,0.81,0,True
winter,Ratlam,test,after-svm,100,100,0.84,0.84,0,True
winter,Rewa,development,after-cart,100,100,0.78,0.78,0,True
winter,Rewa,development,after-gtb,100,100,0.9,0.89,1,False
winter,Rewa,development,after-gtb-b19,100,100,0.87,0.88,1,False
winter,Rewa,development,after-gtb-b22,100,100,0.88,0.88,0,True
winter,Rewa,development,after-gtb-b27,100,100,0.9,0.89,1,False
winter,Rewa,development,after-knn,100,100,0.86,0.86,0,True
winter,Rewa,development,after-rf,100,100,0.89,0.89,0,True
winter,Rewa,development,after-svm,100,100,0.9,0.9,0,True
winter,Sagar,test,after-cart,100,100,0.84,0.84,0,True
winter,Sagar,test,after-gtb,100,100,0.92,0.92,0,True
winter,Sagar,test,after-gtb-b19,100,100,0.91,0.91,0,True
winter,Sagar,test,after-gtb-b22,100,100,0.89,0.9,1,False
winter,Sagar,test,after-gtb-b27,100,100,0.89,0.88,1,False
winter,Sagar,test,after-knn,100,100,0.88,0.88,0,True
winter,Sagar,test,after-rf,100,100,0.93,0.93,0,True
winter,Sagar,test,after-svm,100,100,0.9,0.9,0,True
winter,Satna,test,after-cart,100,100,0.69,0.69,0,True
winter,Satna,test,after-gtb,100,100,0.79,0.8,1,False
winter,Satna,test,after-gtb-b19,100,100,0.77,0.75,2,False
winter,Satna,test,after-gtb-b22,100,100,0.78,0.8,3,False
winter,Satna,test,after-gtb-b27,100,100,0.75,0.75,4,False
winter,Satna,test,after-knn,100,100,0.77,0.77,0,True
winter,Satna,test,after-rf,100,100,0.79,0.79,0,True
winter,Satna,test,after-svm,100,100,0.75,0.75,0,True
winter,Sehore,development,after-cart,100,100,0.82,0.82,0,True
winter,Sehore,development,after-gtb,100,100,0.92,0.92,2,False
winter,Sehore,development,after-gtb-b19,100,100,0.88,0.9,2,False
winter,Sehore,development,after-gtb-b22,100,100,0.91,0.9,1,False
winter,Sehore,development,after-gtb-b27,100,100,0.92,0.91,1,False
winter,Sehore,development,after-knn,100,100,0.93,0.93,0,True
winter,Sehore,development,after-rf,100,100,0.86,0.86,0,True
winter,Sehore,development,after-svm,100,100,0.87,0.87,0,True
winter,Seoni,test,after-cart,100,100,0.78,0.78,0,True
winter,Seoni,test,after-gtb,100,100,0.81,0.84,3,False
winter,Seoni,test,after-gtb-b19,100,100,0.81,0.82,1,False
winter,Seoni,test,after-gtb-b22,100,100,0.79,0.81,2,False
winter,Seoni,test,after-gtb-b27,100,100,0.78,0.77,1,False
winter,Seoni,test,after-knn,100,100,0.83,0.83,0,True
winter,Seoni,test,after-rf,100,100,0.8,0.8,0,True
winter,Seoni,test,after-svm,100,100,0.82,0.82,0,True
winter,Shahdol,test,after-cart,100,100,0.74,0.74,0,True
winter,Shahdol,test,after-gtb,100,100,0.8,0.8,0,True
winter,Shahdol,test,after-gtb-b19,100,100,0.81,0.81,0,True
winter,Shahdol,test,after-gtb-b22,100,100,0.77,0.78,2,False
winter,Shahdol,test,after-gtb-b27,100,100,0.79,0.77,3,False
winter,Shahdol,test,after-knn,100,100,0.77,0.77,0,True
winter,Shahdol,test,after-rf,100,100,0.8,0.8,0,True
winter,Shahdol,test,after-svm,100,100,0.8,0.8,0,True
winter,Shajapur,development,after-cart,100,100,0.72,0.72,0,True
winter,Shajapur,development,after-gtb,100,100,0.84,0.84,1,False
winter,Shajapur,development,after-gtb-b19,100,100,0.78,0.79,6,False
winter,Shajapur,development,after-gtb-b22,100,100,0.82,0.82,2,False
winter,Shajapur,development,after-gtb-b27,100,100,0.84,0.84,1,False
winter,Shajapur,development,after-knn,100,100,0.8,0.8,0,True
winter,Shajapur,development,after-rf,100,100,0.83,0.83,0,True
winter,Shajapur,development,after-svm,100,100,0.86,0.86,0,True
winter,Sheopur,development,after-cart,100,100,0.86,0.86,0,True
winter,Sheopur,development,after-gtb,100,100,0.91,0.91,0,True
winter,Sheopur,development,after-gtb-b19,100,100,0.91,0.92,1,False
winter,Sheopur,development,after-gtb-b22,100,100,0.89,0.89,0,True
winter,Sheopur,development,after-gtb-b27,100,100,0.91,0.9,2,False
winter,Sheopur,development,after-knn,100,100,0.89,0.89,0,True
winter,Sheopur,development,after-rf,100,100,0.89,0.89,0,True
winter,Sheopur,development,after-svm,100,100,0.9,0.9,0,True
winter,Shivpuri,development,after-cart,100,100,0.78,0.78,0,True
winter,Shivpuri,development,after-gtb,100,100,0.86,0.85,1,False
winter,Shivpuri,development,after-gtb-b19,100,100,0.84,0.85,1,False
winter,Shivpuri,development,after-gtb-b22,100,100,0.86,0.85,1,False
winter,Shivpuri,development,after-gtb-b27,100,100,0.86,0.89,3,False
winter,Shivpuri,development,after-knn,100,100,0.81,0.81,0,True
winter,Shivpuri,development,after-rf,100,100,0.83,0.83,0,True
winter,Shivpuri,development,after-svm,100,100,0.83,0.83,0,True
winter,Sidhi,test,after-cart,100,100,0.78,0.78,0,True
winter,Sidhi,test,after-gtb,100,100,0.85,0.87,2,False
winter,Sidhi,test,after-gtb-b19,100,100,0.8,0.8,0,True
winter,Sidhi,test,after-gtb-b22,100,100,0.82,0.82,0,True
winter,Sidhi,test,after-gtb-b27,100,100,0.81,0.81,1,False
winter,Sidhi,test,after-knn,100,100,0.83,0.83,0,True
winter,Sidhi,test,after-rf,100,100,0.84,0.84,0,True
winter,Sidhi,test,after-svm,100,100,0.82,0.82,0,True
winter,Tikamgarh,development,after-cart,100,100,0.74,0.74,0,True
winter,Tikamgarh,development,after-gtb,100,100,0.83,0.83,0,True
winter,Tikamgarh,development,after-gtb-b19,100,100,0.8,0.8,0,True
winter,Tikamgarh,development,after-gtb-b22,100,100,0.8,0.79,3,False
winter,Tikamgarh,development,after-gtb-b27,100,100,0.79,0.79,2,False
winter,Tikamgarh,development,after-knn,100,100,0.81,0.81,0,True
winter,Tikamgarh,development,after-rf,100,100,0.86,0.86,0,True
winter,Tikamgarh,development,after-svm,100,100,0.82,0.82,0,True
winter,Ujjain,test,after-cart,100,100,0.77,0.77,0,True
winter,Ujjain,test,after-gtb,100,100,0.83,0.83,0,True
winter,Ujjain,test,after-gtb-b19,100,100,0.82,0.81,2,False
winter,Ujjain,test,after-gtb-b22,100,100,0.83,0.81,2,False
winter,Ujjain,test,after-gtb-b27,100,100,0.82,0.82,0,True
winter,Ujjain,test,after-knn,100,100,0.87,0.87,0,True
winter,Ujjain,test,after-rf,100,100,0.86,0.86,0,True
winter,Ujjain,test,after-svm,100,100,0.85,0.85,0,True
winter,Umaria,test,after-cart,100,100,0.76,0.77,1,False
winter,Umaria,test,after-gtb,100,100,0.79,0.79,2,False
winter,Umaria,test,after-gtb-b19,100,100,0.79,0.8,1,False
winter,Umaria,test,after-gtb-b22,100,100,0.78,0.8,2,False
winter,Umaria,test,after-gtb-b27,100,100,0.78,0.76,4,False
winter,Umaria,test,after-knn,100,100,0.83,0.82,1,False
winter,Umaria,test,after-rf,100,100,0.81,0.82,1,False
winter,Umaria,test,after-svm,100,100,0.79,0.79,1,False
winter,Vidisha,test,after-cart,100,100,0.86,0.86,0,True
winter,Vidisha,test,after-gtb,100,100,0.93,0.93,0,True
winter,Vidisha,test,after-gtb-b19,100,100,0.92,0.94,2,False
winter,Vidisha,test,after-gtb-b22,100,100,0.93,0.93,0,True
winter,Vidisha,test,after-gtb-b27,100,100,0.93,0.93,2,False
winter,Vidisha,test,after-knn,100,100,0.9,0.9,0,True
winter,Vidisha,test,after-rf,100,100,0.9,0.9,0,True
winter,Vidisha,test,after-svm,100,100,0.86,0.86,0,True
winter,West Nimar,development,after-cart,100,100,0.7,0.7,0,True
winter,West Nimar,development,after-gtb,100,100,0.86,0.86,0,True
winter,West Nimar,development,after-gtb-b19,100,100,0.84,0.85,3,False
winter,West Nimar,development,after-gtb-b22,100,100,0.86,0.86,2,False
winter,West Nimar,development,after-gtb-b27,100,100,0.88,0.86,2,False
winter,West Nimar,development,after-knn,100,100,0.83,0.83,0,True
winter,West Nimar,development,after-rf,100,100,0.8,0.8,0,True
winter,West Nimar,development,after-svm,100,100,0.85,0.85,0,True
